rank,input_difference,output_mask,samples,matches,probability,bias,correlation,abs_correlation,standard_error,approx_95ci_low,approx_95ci_high,seed,rounds,feedforward
1,w04.b00,w08.b13+w12.b13,512,299,0.583984375,0.083984375,0.16796875,0.16796875,0.021783138581854725,0.5412894233795648,0.6266793266204352,20260617,4,False
2,w08.b13+w12.b13,w05.b09+w10.b09,512,223,0.435546875,-0.064453125,-0.12890625,0.12890625,0.021912726159242488,0.3925979317278847,0.4784958182721153,20260617,4,False
3,w00.b00+w01.b00,w15.b18,512,285,0.556640625,0.056640625,0.11328125,0.11328125,0.021954847112152412,0.5136091246601813,0.5996721253398187,20260617,4,False
4,w12.b13,w10.b13,512,229,0.447265625,-0.052734375,-0.10546875,0.10546875,0.02197384301265581,0.4041968926951946,0.4903343573048054,20260617,4,False
5,w00.b07+w04.b07,w00.b07+w04.b07,512,282,0.55078125,0.05078125,0.1015625,0.1015625,0.0219828264223798,0.5076949102121355,0.5938675897878645,20260617,4,False
6,w09.b28,w05.b09+w10.b09,512,282,0.55078125,0.05078125,0.1015625,0.1015625,0.0219828264223798,0.5076949102121355,0.5938675897878645,20260617,4,False
7,w00.b00+w01.b00,w13.b00,512,281,0.548828125,0.048828125,0.09765625,0.09765625,0.021991467370935543,0.5057248489529663,0.5919314010470337,20260617,4,False
8,w00.b07+w04.b07,w12.b23,512,231,0.451171875,-0.048828125,-0.09765625,0.09765625,0.021991467370935543,0.4080685989529663,0.4942751510470337,20260617,4,False
9,w00.b00,w00.b00,512,280,0.546875,0.046875,0.09375,0.09375,0.021999766261853144,0.5037554581267678,0.5899945418732322,20260617,4,False
10,w01.b00,w00.b07+w04.b07,512,280,0.546875,0.046875,0.09375,0.09375,0.021999766261853144,0.5037554581267678,0.5899945418732322,20260617,4,False
11,w12.b13,w13.b00,512,280,0.546875,0.046875,0.09375,0.09375,0.021999766261853144,0.5037554581267678,0.5899945418732322,20260617,4,False
12,w04.b00,w00.b00,512,233,0.455078125,-0.044921875,-0.08984375,0.08984375,0.022007723482092085,0.4119429869750995,0.4982132630249005,20260617,4,False
13,w00.b07+w04.b07,w10.b13,512,235,0.458984375,-0.041015625,-0.08203125,0.08203125,0.02202261437606254,0.4158200508229174,0.5021486991770826,20260617,4,False
14,w08.b13+w12.b13,w08.b13+w12.b13,512,235,0.458984375,-0.041015625,-0.08203125,0.08203125,0.02202261437606254,0.4158200508229174,0.5021486991770826,20260617,4,False
15,w15.b28,w00.b00,512,277,0.541015625,0.041015625,0.08203125,0.08203125,0.02202261437606254,0.4978513008229174,0.5841799491770826,20260617,4,False
16,w00.b00+w01.b00,w01.b00,512,236,0.4609375,-0.0390625,-0.078125,0.078125,0.022029548741661287,0.41775958446634387,0.5041154155336561,20260617,4,False
17,w08.b09,w13.b00,512,236,0.4609375,-0.0390625,-0.078125,0.078125,0.022029548741661287,0.41775958446634387,0.5041154155336561,20260617,4,False
18,w09.b03,w00.b00,512,276,0.5390625,0.0390625,0.078125,0.078125,0.022029548741661287,0.49588458446634387,0.5822404155336561,20260617,4,False
19,w15.b28,w03.b29,512,276,0.5390625,0.0390625,0.078125,0.078125,0.022029548741661287,0.49588458446634387,0.5822404155336561,20260617,4,False
20,w00.b00,w00.b00+w01.b00,512,238,0.46484375,-0.03515625,-0.0703125,0.0703125,0.022042396917907922,0.42164065204090045,0.5080468479590995,20260617,4,False
21,w00.b07+w04.b07,w00.b00+w01.b00,512,274,0.53515625,0.03515625,0.0703125,0.0703125,0.022042396917907922,0.49195315204090045,0.5783593479590995,20260617,4,False
22,w06.b24,w00.b07,512,238,0.46484375,-0.03515625,-0.0703125,0.0703125,0.022042396917907922,0.42164065204090045,0.5080468479590995,20260617,4,False
23,w06.b24,w07.b23,512,238,0.46484375,-0.03515625,-0.0703125,0.0703125,0.022042396917907922,0.42164065204090045,0.5080468479590995,20260617,4,False
24,w12.b13,w12.b23,512,274,0.53515625,0.03515625,0.0703125,0.0703125,0.022042396917907922,0.49195315204090045,0.5783593479590995,20260617,4,False
25,w15.b18,w13.b00,512,238,0.46484375,-0.03515625,-0.0703125,0.0703125,0.022042396917907922,0.42164065204090045,0.5080468479590995,20260617,4,False
26,w00.b00+w01.b00,w05.b09+w10.b09,512,273,0.533203125,0.033203125,0.06640625,0.06640625,0.02204831132326213,0.48998843480640625,0.5764178151935938,20260617,4,False
27,w01.b00,w15.b18,512,273,0.533203125,0.033203125,0.06640625,0.06640625,0.02204831132326213,0.48998843480640625,0.5764178151935938,20260617,4,False
28,w01.b25,w05.b09+w10.b09,512,239,0.466796875,-0.033203125,-0.06640625,0.06640625,0.02204831132326213,0.42358218480640625,0.5100115651935938,20260617,4,False
29,w15.b28,w05.b09+w10.b09,512,273,0.533203125,0.033203125,0.06640625,0.06640625,0.02204831132326213,0.48998843480640625,0.5764178151935938,20260617,4,False
30,w01.b25,w13.b19,512,240,0.46875,-0.03125,-0.0625,0.0625,0.022053886309836356,0.42552438283272076,0.5119756171672792,20260617,4,False
31,w04.b00,w05.b09+w10.b09,512,240,0.46875,-0.03125,-0.0625,0.0625,0.022053886309836356,0.42552438283272076,0.5119756171672792,20260617,4,False
32,w09.b28,w00.b00+w01.b00,512,272,0.53125,0.03125,0.0625,0.0625,0.022053886309836356,0.48802438283272076,0.5744756171672792,20260617,4,False
33,w12.b13,w05.b09,512,240,0.46875,-0.03125,-0.0625,0.0625,0.022053886309836356,0.42552438283272076,0.5119756171672792,20260617,4,False
34,w00.b00,w12.b23,512,241,0.470703125,-0.029296875,-0.05859375,0.05859375,0.022059122134973824,0.4274672456154513,0.5139390043845486,20260617,4,False
35,w04.b00,w10.b13,512,271,0.529296875,0.029296875,0.05859375,0.05859375,0.022059122134973824,0.4860609956154513,0.5725327543845486,20260617,4,False
36,w05.b00+w10.b00,w08.b13+w12.b13,512,271,0.529296875,0.029296875,0.05859375,0.05859375,0.022059122134973824,0.4860609956154513,0.5725327543845486,20260617,4,False
37,w05.b07,w00.b00,512,271,0.529296875,0.029296875,0.05859375,0.05859375,0.022059122134973824,0.4860609956154513,0.5725327543845486,20260617,4,False
38,w06.b24,w05.b09,512,271,0.529296875,0.029296875,0.05859375,0.05859375,0.022059122134973824,0.4860609956154513,0.5725327543845486,20260617,4,False
39,w08.b09,w00.b07+w04.b07,512,241,0.470703125,-0.029296875,-0.05859375,0.05859375,0.022059122134973824,0.4274672456154513,0.5139390043845486,20260617,4,False
40,w12.b13,w01.b00,512,271,0.529296875,0.029296875,0.05859375,0.05859375,0.022059122134973824,0.4860609956154513,0.5725327543845486,20260617,4,False
41,w12.b13,w07.b23,512,271,0.529296875,0.029296875,0.05859375,0.05859375,0.022059122134973824,0.4860609956154513,0.5725327543845486,20260617,4,False
42,w00.b00+w01.b00,w00.b00+w01.b00,512,270,0.52734375,0.02734375,0.0546875,0.0546875,0.0220640190401251,0.4840982726813548,0.5705892273186451,20260617,4,False
43,w01.b25,w01.b00,512,242,0.47265625,-0.02734375,-0.0546875,0.0546875,0.0220640190401251,0.4294107726813548,0.5159017273186451,20260617,4,False
44,w04.b00,w00.b07+w04.b07,512,270,0.52734375,0.02734375,0.0546875,0.0546875,0.0220640190401251,0.4840982726813548,0.5705892273186451,20260617,4,False
45,w05.b00+w10.b00,w13.b19,512,242,0.47265625,-0.02734375,-0.0546875,0.0546875,0.0220640190401251,0.4294107726813548,0.5159017273186451,20260617,4,False
46,w06.b24,w00.b00+w01.b00,512,270,0.52734375,0.02734375,0.0546875,0.0546875,0.0220640190401251,0.4840982726813548,0.5705892273186451,20260617,4,False
47,w06.b24,w05.b09+w10.b09,512,242,0.47265625,-0.02734375,-0.0546875,0.0546875,0.0220640190401251,0.4294107726813548,0.5159017273186451,20260617,4,False
48,w08.b13+w12.b13,w13.b00,512,270,0.52734375,0.02734375,0.0546875,0.0546875,0.0220640190401251,0.4840982726813548,0.5705892273186451,20260617,4,False
49,w12.b13,w00.b07,512,242,0.47265625,-0.02734375,-0.0546875,0.0546875,0.0220640190401251,0.4294107726813548,0.5159017273186451,20260617,4,False
50,w12.b13,w03.b29,512,242,0.47265625,-0.02734375,-0.0546875,0.0546875,0.0220640190401251,0.4294107726813548,0.5159017273186451,20260617,4,False
51,w15.b18,w08.b13+w12.b13,512,242,0.47265625,-0.02734375,-0.0546875,0.0546875,0.0220640190401251,0.4294107726813548,0.5159017273186451,20260617,4,False
52,w15.b28,w07.b23,512,242,0.47265625,-0.02734375,-0.0546875,0.0546875,0.0220640190401251,0.4294107726813548,0.5159017273186451,20260617,4,False
53,w00.b00+w01.b00,w08.b13+w12.b13,512,269,0.525390625,0.025390625,0.05078125,0.05078125,0.022068577250904053,0.48213621358822806,0.5686450364117719,20260617,4,False
54,w00.b07+w04.b07,w05.b09,512,269,0.525390625,0.025390625,0.05078125,0.05078125,0.022068577250904053,0.48213621358822806,0.5686450364117719,20260617,4,False
55,w06.b24,w03.b29,512,243,0.474609375,-0.025390625,-0.05078125,0.05078125,0.022068577250904053,0.43135496358822806,0.5178637864117719,20260617,4,False
56,w09.b03,w10.b13,512,243,0.474609375,-0.025390625,-0.05078125,0.05078125,0.022068577250904053,0.43135496358822806,0.5178637864117719,20260617,4,False
57,w09.b28,w13.b00,512,269,0.525390625,0.025390625,0.05078125,0.05078125,0.022068577250904053,0.48213621358822806,0.5686450364117719,20260617,4,False
58,w15.b18,w12.b23,512,269,0.525390625,0.025390625,0.05078125,0.05078125,0.022068577250904053,0.48213621358822806,0.5686450364117719,20260617,4,False
59,w15.b28,w13.b19,512,269,0.525390625,0.025390625,0.05078125,0.05078125,0.022068577250904053,0.48213621358822806,0.5686450364117719,20260617,4,False
60,w00.b00,w07.b23,512,268,0.5234375,0.0234375,0.046875,0.046875,0.02207279697714005,0.4801748179248055,0.5667001820751945,20260617,4,False
61,w01.b00,w13.b00,512,268,0.5234375,0.0234375,0.046875,0.046875,0.02207279697714005,0.4801748179248055,0.5667001820751945,20260617,4,False
62,w01.b25,w08.b13+w12.b13,512,244,0.4765625,-0.0234375,-0.046875,0.046875,0.02207279697714005,0.4332998179248055,0.5198251820751945,20260617,4,False
63,w05.b00+w10.b00,w00.b07+w04.b07,512,244,0.4765625,-0.0234375,-0.046875,0.046875,0.02207279697714005,0.4332998179248055,0.5198251820751945,20260617,4,False
64,w05.b07,w05.b09,512,268,0.5234375,0.0234375,0.046875,0.046875,0.02207279697714005,0.4801748179248055,0.5667001820751945,20260617,4,False
65,w05.b07,w13.b19,512,244,0.4765625,-0.0234375,-0.046875,0.046875,0.02207279697714005,0.4332998179248055,0.5198251820751945,20260617,4,False
66,w06.b24,w00.b07+w04.b07,512,244,0.4765625,-0.0234375,-0.046875,0.046875,0.02207279697714005,0.4332998179248055,0.5198251820751945,20260617,4,False
67,w08.b09,w10.b13,512,268,0.5234375,0.0234375,0.046875,0.046875,0.02207279697714005,0.4801748179248055,0.5667001820751945,20260617,4,False
68,w09.b03,w03.b29,512,244,0.4765625,-0.0234375,-0.046875,0.046875,0.02207279697714005,0.4332998179248055,0.5198251820751945,20260617,4,False
69,w12.b13,w00.b00,512,268,0.5234375,0.0234375,0.046875,0.046875,0.02207279697714005,0.4801748179248055,0.5667001820751945,20260617,4,False
70,w15.b28,w00.b00+w01.b00,512,268,0.5234375,0.0234375,0.046875,0.046875,0.02207279697714005,0.4801748179248055,0.5667001820751945,20260617,4,False
71,w00.b00,w10.b13,512,267,0.521484375,0.021484375,0.04296875,0.04296875,0.02207667841292644,0.47821408531066417,0.5647546646893358,20260617,4,False
72,w01.b00,w00.b07,512,245,0.478515625,-0.021484375,-0.04296875,0.04296875,0.02207667841292644,0.43524533531066417,0.5217859146893358,20260617,4,False
73,w01.b25,w07.b23,512,245,0.478515625,-0.021484375,-0.04296875,0.04296875,0.02207667841292644,0.43524533531066417,0.5217859146893358,20260617,4,False
74,w01.b25,w12.b23,512,267,0.521484375,0.021484375,0.04296875,0.04296875,0.02207667841292644,0.47821408531066417,0.5647546646893358,20260617,4,False
75,w04.b00,w07.b23,512,267,0.521484375,0.021484375,0.04296875,0.04296875,0.02207667841292644,0.47821408531066417,0.5647546646893358,20260617,4,False
76,w08.b09,w00.b07,512,267,0.521484375,0.021484375,0.04296875,0.04296875,0.02207667841292644,0.47821408531066417,0.5647546646893358,20260617,4,False
77,w08.b13+w12.b13,w01.b00,512,267,0.521484375,0.021484375,0.04296875,0.04296875,0.02207667841292644,0.47821408531066417,0.5647546646893358,20260617,4,False
78,w08.b13+w12.b13,w05.b09,512,267,0.521484375,0.021484375,0.04296875,0.04296875,0.02207667841292644,0.47821408531066417,0.5647546646893358,20260617,4,False
79,w09.b03,w00.b00+w01.b00,512,267,0.521484375,0.021484375,0.04296875,0.04296875,0.02207667841292644,0.47821408531066417,0.5647546646893358,20260617,4,False
80,w09.b03,w12.b23,512,245,0.478515625,-0.021484375,-0.04296875,0.04296875,0.02207667841292644,0.43524533531066417,0.5217859146893358,20260617,4,False
81,w09.b28,w12.b04,512,245,0.478515625,-0.021484375,-0.04296875,0.04296875,0.02207667841292644,0.43524533531066417,0.5217859146893358,20260617,4,False
82,w15.b18,w05.b09+w10.b09,512,267,0.521484375,0.021484375,0.04296875,0.04296875,0.02207667841292644,0.47821408531066417,0.5647546646893358,20260617,4,False
83,w00.b00,w00.b07,512,266,0.51953125,0.01953125,0.0390625,0.0390625,0.02208022173666532,0.476254015396136,0.562808484603864,20260617,4,False
84,w00.b00,w08.b13+w12.b13,512,246,0.48046875,-0.01953125,-0.0390625,0.0390625,0.02208022173666532,0.437191515396136,0.523745984603864,20260617,4,False
85,w00.b00+w01.b00,w05.b09,512,246,0.48046875,-0.01953125,-0.0390625,0.0390625,0.02208022173666532,0.437191515396136,0.523745984603864,20260617,4,False
86,w01.b25,w00.b07,512,266,0.51953125,0.01953125,0.0390625,0.0390625,0.02208022173666532,0.476254015396136,0.562808484603864,20260617,4,False
87,w01.b25,w13.b00,512,266,0.51953125,0.01953125,0.0390625,0.0390625,0.02208022173666532,0.476254015396136,0.562808484603864,20260617,4,False
88,w05.b00+w10.b00,w07.b23,512,266,0.51953125,0.01953125,0.0390625,0.0390625,0.02208022173666532,0.476254015396136,0.562808484603864,20260617,4,False
89,w05.b07,w13.b00,512,266,0.51953125,0.01953125,0.0390625,0.0390625,0.02208022173666532,0.476254015396136,0.562808484603864,20260617,4,False
90,w06.b24,w00.b00,512,266,0.51953125,0.01953125,0.0390625,0.0390625,0.02208022173666532,0.476254015396136,0.562808484603864,20260617,4,False
91,w08.b09,w05.b09,512,266,0.51953125,0.01953125,0.0390625,0.0390625,0.02208022173666532,0.476254015396136,0.562808484603864,20260617,4,False
92,w08.b13+w12.b13,w15.b18,512,266,0.51953125,0.01953125,0.0390625,0.0390625,0.02208022173666532,0.476254015396136,0.562808484603864,20260617,4,False
93,w09.b03,w00.b07+w04.b07,512,266,0.51953125,0.01953125,0.0390625,0.0390625,0.02208022173666532,0.476254015396136,0.562808484603864,20260617,4,False
94,w09.b28,w10.b13,512,246,0.48046875,-0.01953125,-0.0390625,0.0390625,0.02208022173666532,0.437191515396136,0.523745984603864,20260617,4,False
95,w12.b13,w00.b07+w04.b07,512,246,0.48046875,-0.01953125,-0.0390625,0.0390625,0.02208022173666532,0.437191515396136,0.523745984603864,20260617,4,False
96,w12.b13,w12.b04,512,266,0.51953125,0.01953125,0.0390625,0.0390625,0.02208022173666532,0.476254015396136,0.562808484603864,20260617,4,False
97,w15.b28,w15.b18,512,266,0.51953125,0.01953125,0.0390625,0.0390625,0.02208022173666532,0.476254015396136,0.562808484603864,20260617,4,False
98,w00.b00+w01.b00,w03.b29,512,247,0.482421875,-0.017578125,-0.03515625,0.03515625,0.022083427111108663,0.439138357862227,0.525705392137773,20260617,4,False
99,w00.b07+w04.b07,w00.b00,512,265,0.517578125,0.017578125,0.03515625,0.03515625,0.022083427111108663,0.474294607862227,0.560861642137773,20260617,4,False
100,w01.b25,w12.b04,512,247,0.482421875,-0.017578125,-0.03515625,0.03515625,0.022083427111108663,0.439138357862227,0.525705392137773,20260617,4,False
101,w04.b00,w05.b09,512,247,0.482421875,-0.017578125,-0.03515625,0.03515625,0.022083427111108663,0.439138357862227,0.525705392137773,20260617,4,False
102,w05.b00+w10.b00,w00.b00,512,265,0.517578125,0.017578125,0.03515625,0.03515625,0.022083427111108663,0.474294607862227,0.560861642137773,20260617,4,False
103,w05.b00+w10.b00,w01.b00,512,265,0.517578125,0.017578125,0.03515625,0.03515625,0.022083427111108663,0.474294607862227,0.560861642137773,20260617,4,False
104,w05.b00+w10.b00,w12.b23,512,265,0.517578125,0.017578125,0.03515625,0.03515625,0.022083427111108663,0.474294607862227,0.560861642137773,20260617,4,False
105,w05.b07,w05.b09+w10.b09,512,247,0.482421875,-0.017578125,-0.03515625,0.03515625,0.022083427111108663,0.439138357862227,0.525705392137773,20260617,4,False
106,w06.b24,w08.b13+w12.b13,512,265,0.517578125,0.017578125,0.03515625,0.03515625,0.022083427111108663,0.474294607862227,0.560861642137773,20260617,4,False
107,w06.b24,w10.b13,512,247,0.482421875,-0.017578125,-0.03515625,0.03515625,0.022083427111108663,0.439138357862227,0.525705392137773,20260617,4,False
108,w09.b03,w01.b00,512,265,0.517578125,0.017578125,0.03515625,0.03515625,0.022083427111108663,0.474294607862227,0.560861642137773,20260617,4,False
109,w09.b28,w15.b18,512,247,0.482421875,-0.017578125,-0.03515625,0.03515625,0.022083427111108663,0.439138357862227,0.525705392137773,20260617,4,False
110,w15.b18,w00.b07,512,247,0.482421875,-0.017578125,-0.03515625,0.03515625,0.022083427111108663,0.439138357862227,0.525705392137773,20260617,4,False
111,w15.b18,w00.b07+w04.b07,512,265,0.517578125,0.017578125,0.03515625,0.03515625,0.022083427111108663,0.474294607862227,0.560861642137773,20260617,4,False
112,w15.b18,w03.b29,512,247,0.482421875,-0.017578125,-0.03515625,0.03515625,0.022083427111108663,0.439138357862227,0.525705392137773,20260617,4,False
113,w00.b00,w03.b29,512,248,0.484375,-0.015625,-0.03125,0.03125,0.022086294683395784,0.44108586242054426,0.5276641375794557,20260617,4,False
114,w00.b00+w01.b00,w00.b07,512,248,0.484375,-0.015625,-0.03125,0.03125,0.022086294683395784,0.44108586242054426,0.5276641375794557,20260617,4,False
115,w01.b00,w00.b00+w01.b00,512,264,0.515625,0.015625,0.03125,0.03125,0.022086294683395784,0.47233586242054426,0.5589141375794557,20260617,4,False
116,w01.b00,w03.b29,512,248,0.484375,-0.015625,-0.03125,0.03125,0.022086294683395784,0.44108586242054426,0.5276641375794557,20260617,4,False
117,w01.b00,w08.b13+w12.b13,512,248,0.484375,-0.015625,-0.03125,0.03125,0.022086294683395784,0.44108586242054426,0.5276641375794557,20260617,4,False
118,w05.b00+w10.b00,w05.b09,512,264,0.515625,0.015625,0.03125,0.03125,0.022086294683395784,0.47233586242054426,0.5589141375794557,20260617,4,False
119,w05.b00+w10.b00,w15.b18,512,264,0.515625,0.015625,0.03125,0.03125,0.022086294683395784,0.47233586242054426,0.5589141375794557,20260617,4,False
120,w05.b07,w00.b07+w04.b07,512,264,0.515625,0.015625,0.03125,0.03125,0.022086294683395784,0.47233586242054426,0.5589141375794557,20260617,4,False
121,w05.b07,w01.b00,512,248,0.484375,-0.015625,-0.03125,0.03125,0.022086294683395784,0.44108586242054426,0.5276641375794557,20260617,4,False
122,w06.b24,w01.b00,512,248,0.484375,-0.015625,-0.03125,0.03125,0.022086294683395784,0.44108586242054426,0.5276641375794557,20260617,4,False
123,w06.b24,w15.b18,512,264,0.515625,0.015625,0.03125,0.03125,0.022086294683395784,0.47233586242054426,0.5589141375794557,20260617,4,False
124,w08.b09,w05.b09+w10.b09,512,264,0.515625,0.015625,0.03125,0.03125,0.022086294683395784,0.47233586242054426,0.5589141375794557,20260617,4,False
125,w08.b09,w13.b19,512,264,0.515625,0.015625,0.03125,0.03125,0.022086294683395784,0.47233586242054426,0.5589141375794557,20260617,4,False
126,w08.b13+w12.b13,w07.b23,512,264,0.515625,0.015625,0.03125,0.03125,0.022086294683395784,0.47233586242054426,0.5589141375794557,20260617,4,False
127,w08.b13+w12.b13,w12.b23,512,248,0.484375,-0.015625,-0.03125,0.03125,0.022086294683395784,0.44108586242054426,0.5276641375794557,20260617,4,False
128,w09.b03,w05.b09+w10.b09,512,248,0.484375,-0.015625,-0.03125,0.03125,0.022086294683395784,0.44108586242054426,0.5276641375794557,20260617,4,False
129,w09.b28,w00.b07,512,264,0.515625,0.015625,0.03125,0.03125,0.022086294683395784,0.47233586242054426,0.5589141375794557,20260617,4,False
130,w12.b13,w13.b19,512,264,0.515625,0.015625,0.03125,0.03125,0.022086294683395784,0.47233586242054426,0.5589141375794557,20260617,4,False
131,w15.b18,w00.b00+w01.b00,512,248,0.484375,-0.015625,-0.03125,0.03125,0.022086294683395784,0.44108586242054426,0.5276641375794557,20260617,4,False
132,w00.b00,w13.b00,512,249,0.486328125,-0.013671875,-0.02734375,0.02734375,0.022088824585087156,0.4430340288132292,0.5296222211867708,20260617,4,False
133,w01.b00,w01.b00,512,249,0.486328125,-0.013671875,-0.02734375,0.02734375,0.022088824585087156,0.4430340288132292,0.5296222211867708,20260617,4,False
134,w01.b00,w07.b23,512,249,0.486328125,-0.013671875,-0.02734375,0.02734375,0.022088824585087156,0.4430340288132292,0.5296222211867708,20260617,4,False
135,w01.b00,w12.b04,512,263,0.513671875,0.013671875,0.02734375,0.02734375,0.022088824585087156,0.4703777788132292,0.5569659711867708,20260617,4,False
136,w01.b00,w13.b19,512,263,0.513671875,0.013671875,0.02734375,0.02734375,0.022088824585087156,0.4703777788132292,0.5569659711867708,20260617,4,False
137,w01.b25,w15.b18,512,263,0.513671875,0.013671875,0.02734375,0.02734375,0.022088824585087156,0.4703777788132292,0.5569659711867708,20260617,4,False
138,w05.b00+w10.b00,w03.b29,512,263,0.513671875,0.013671875,0.02734375,0.02734375,0.022088824585087156,0.4703777788132292,0.5569659711867708,20260617,4,False
139,w05.b00+w10.b00,w10.b13,512,263,0.513671875,0.013671875,0.02734375,0.02734375,0.022088824585087156,0.4703777788132292,0.5569659711867708,20260617,4,False
140,w08.b09,w00.b00+w01.b00,512,249,0.486328125,-0.013671875,-0.02734375,0.02734375,0.022088824585087156,0.4430340288132292,0.5296222211867708,20260617,4,False
141,w08.b09,w01.b00,512,249,0.486328125,-0.013671875,-0.02734375,0.02734375,0.022088824585087156,0.4430340288132292,0.5296222211867708,20260617,4,False
142,w09.b03,w08.b13+w12.b13,512,263,0.513671875,0.013671875,0.02734375,0.02734375,0.022088824585087156,0.4703777788132292,0.5569659711867708,20260617,4,False
143,w09.b28,w00.b00,512,249,0.486328125,-0.013671875,-0.02734375,0.02734375,0.022088824585087156,0.4430340288132292,0.5296222211867708,20260617,4,False
144,w15.b18,w00.b00,512,249,0.486328125,-0.013671875,-0.02734375,0.02734375,0.022088824585087156,0.4430340288132292,0.5296222211867708,20260617,4,False
145,w15.b28,w05.b09,512,263,0.513671875,0.013671875,0.02734375,0.02734375,0.022088824585087156,0.4703777788132292,0.5569659711867708,20260617,4,False
146,w00.b00,w05.b09,512,250,0.48828125,-0.01171875,-0.0234375,0.0234375,0.02209101693219465,0.4449828568128985,0.5315796431871015,20260617,4,False
147,w01.b25,w05.b09,512,250,0.48828125,-0.01171875,-0.0234375,0.0234375,0.02209101693219465,0.4449828568128985,0.5315796431871015,20260617,4,False
148,w05.b00+w10.b00,w13.b00,512,262,0.51171875,0.01171875,0.0234375,0.0234375,0.02209101693219465,0.4684203568128985,0.5550171431871015,20260617,4,False
149,w05.b07,w12.b04,512,250,0.48828125,-0.01171875,-0.0234375,0.0234375,0.02209101693219465,0.4449828568128985,0.5315796431871015,20260617,4,False
150,w08.b13+w12.b13,w00.b07+w04.b07,512,250,0.48828125,-0.01171875,-0.0234375,0.0234375,0.02209101693219465,0.4449828568128985,0.5315796431871015,20260617,4,False
151,w08.b13+w12.b13,w03.b29,512,262,0.51171875,0.01171875,0.0234375,0.0234375,0.02209101693219465,0.4684203568128985,0.5550171431871015,20260617,4,False
152,w08.b13+w12.b13,w10.b13,512,262,0.51171875,0.01171875,0.0234375,0.0234375,0.02209101693219465,0.4684203568128985,0.5550171431871015,20260617,4,False
153,w09.b28,w01.b00,512,250,0.48828125,-0.01171875,-0.0234375,0.0234375,0.02209101693219465,0.4449828568128985,0.5315796431871015,20260617,4,False
154,w15.b18,w10.b13,512,262,0.51171875,0.01171875,0.0234375,0.0234375,0.02209101693219465,0.4684203568128985,0.5550171431871015,20260617,4,False
155,w15.b18,w15.b18,512,262,0.51171875,0.01171875,0.0234375,0.0234375,0.02209101693219465,0.4684203568128985,0.5550171431871015,20260617,4,False
156,w15.b28,w08.b13+w12.b13,512,250,0.48828125,-0.01171875,-0.0234375,0.0234375,0.02209101693219465,0.4449828568128985,0.5315796431871015,20260617,4,False
157,w15.b28,w10.b13,512,250,0.48828125,-0.01171875,-0.0234375,0.0234375,0.02209101693219465,0.4449828568128985,0.5315796431871015,20260617,4,False
158,w15.b28,w12.b23,512,250,0.48828125,-0.01171875,-0.0234375,0.0234375,0.02209101693219465,0.4449828568128985,0.5315796431871015,20260617,4,False
159,w00.b00,w00.b07+w04.b07,512,251,0.490234375,-0.009765625,-0.01953125,0.01953125,0.02209287182520817,0.446932346222592,0.533536403777408,20260617,4,False
160,w00.b00,w13.b19,512,251,0.490234375,-0.009765625,-0.01953125,0.01953125,0.02209287182520817,0.446932346222592,0.533536403777408,20260617,4,False
161,w00.b00,w15.b18,512,251,0.490234375,-0.009765625,-0.01953125,0.01953125,0.02209287182520817,0.446932346222592,0.533536403777408,20260617,4,False
162,w00.b00+w01.b00,w00.b07+w04.b07,512,261,0.509765625,0.009765625,0.01953125,0.01953125,0.02209287182520817,0.466463596222592,0.553067653777408,20260617,4,False
163,w00.b00+w01.b00,w10.b13,512,261,0.509765625,0.009765625,0.01953125,0.01953125,0.02209287182520817,0.466463596222592,0.553067653777408,20260617,4,False
164,w00.b07+w04.b07,w13.b00,512,261,0.509765625,0.009765625,0.01953125,0.01953125,0.02209287182520817,0.466463596222592,0.553067653777408,20260617,4,False
165,w01.b00,w05.b09,512,251,0.490234375,-0.009765625,-0.01953125,0.01953125,0.02209287182520817,0.446932346222592,0.533536403777408,20260617,4,False
166,w01.b25,w00.b00+w01.b00,512,261,0.509765625,0.009765625,0.01953125,0.01953125,0.02209287182520817,0.466463596222592,0.553067653777408,20260617,4,False
167,w01.b25,w10.b13,512,251,0.490234375,-0.009765625,-0.01953125,0.01953125,0.02209287182520817,0.446932346222592,0.533536403777408,20260617,4,False
168,w04.b00,w01.b00,512,251,0.490234375,-0.009765625,-0.01953125,0.01953125,0.02209287182520817,0.446932346222592,0.533536403777408,20260617,4,False
169,w04.b00,w13.b00,512,251,0.490234375,-0.009765625,-0.01953125,0.01953125,0.02209287182520817,0.446932346222592,0.533536403777408,20260617,4,False
170,w04.b00,w15.b18,512,261,0.509765625,0.009765625,0.01953125,0.01953125,0.02209287182520817,0.466463596222592,0.553067653777408,20260617,4,False
171,w05.b00+w10.b00,w05.b09+w10.b09,512,251,0.490234375,-0.009765625,-0.01953125,0.01953125,0.02209287182520817,0.446932346222592,0.533536403777408,20260617,4,False
172,w05.b07,w15.b18,512,251,0.490234375,-0.009765625,-0.01953125,0.01953125,0.02209287182520817,0.446932346222592,0.533536403777408,20260617,4,False
173,w08.b09,w07.b23,512,251,0.490234375,-0.009765625,-0.01953125,0.01953125,0.02209287182520817,0.446932346222592,0.533536403777408,20260617,4,False
174,w08.b13+w12.b13,w00.b07,512,261,0.509765625,0.009765625,0.01953125,0.01953125,0.02209287182520817,0.466463596222592,0.553067653777408,20260617,4,False
175,w09.b28,w00.b07+w04.b07,512,261,0.509765625,0.009765625,0.01953125,0.01953125,0.02209287182520817,0.466463596222592,0.553067653777408,20260617,4,False
176,w12.b13,w05.b09+w10.b09,512,261,0.509765625,0.009765625,0.01953125,0.01953125,0.02209287182520817,0.466463596222592,0.553067653777408,20260617,4,False
177,w12.b13,w08.b13+w12.b13,512,261,0.509765625,0.009765625,0.01953125,0.01953125,0.02209287182520817,0.466463596222592,0.553067653777408,20260617,4,False
178,w15.b18,w01.b00,512,251,0.490234375,-0.009765625,-0.01953125,0.01953125,0.02209287182520817,0.446932346222592,0.533536403777408,20260617,4,False
179,w15.b18,w05.b09,512,261,0.509765625,0.009765625,0.01953125,0.01953125,0.02209287182520817,0.466463596222592,0.553067653777408,20260617,4,False
180,w15.b28,w00.b07+w04.b07,512,261,0.509765625,0.009765625,0.01953125,0.01953125,0.02209287182520817,0.466463596222592,0.553067653777408,20260617,4,False
181,w15.b28,w12.b04,512,261,0.509765625,0.009765625,0.01953125,0.01953125,0.02209287182520817,0.466463596222592,0.553067653777408,20260617,4,False
182,w00.b00,w01.b00,512,252,0.4921875,-0.0078125,-0.015625,0.015625,0.022094389349118684,0.4488824968757274,0.5354925031242727,20260617,4,False
183,w00.b00,w12.b04,512,252,0.4921875,-0.0078125,-0.015625,0.015625,0.022094389349118684,0.4488824968757274,0.5354925031242727,20260617,4,False
184,w00.b00+w01.b00,w12.b04,512,252,0.4921875,-0.0078125,-0.015625,0.015625,0.022094389349118684,0.4488824968757274,0.5354925031242727,20260617,4,False
185,w00.b07+w04.b07,w05.b09+w10.b09,512,260,0.5078125,0.0078125,0.015625,0.015625,0.022094389349118684,0.4645074968757274,0.5511175031242727,20260617,4,False
186,w01.b00,w12.b23,512,252,0.4921875,-0.0078125,-0.015625,0.015625,0.022094389349118684,0.4488824968757274,0.5354925031242727,20260617,4,False
187,w04.b00,w12.b04,512,260,0.5078125,0.0078125,0.015625,0.015625,0.022094389349118684,0.4645074968757274,0.5511175031242727,20260617,4,False
188,w05.b00+w10.b00,w00.b07,512,252,0.4921875,-0.0078125,-0.015625,0.015625,0.022094389349118684,0.4488824968757274,0.5354925031242727,20260617,4,False
189,w08.b09,w08.b13+w12.b13,512,260,0.5078125,0.0078125,0.015625,0.015625,0.022094389349118684,0.4645074968757274,0.5511175031242727,20260617,4,False
190,w08.b09,w12.b04,512,260,0.5078125,0.0078125,0.015625,0.015625,0.022094389349118684,0.4645074968757274,0.5511175031242727,20260617,4,False
191,w09.b03,w13.b00,512,252,0.4921875,-0.0078125,-0.015625,0.015625,0.022094389349118684,0.4488824968757274,0.5354925031242727,20260617,4,False
192,w09.b28,w08.b13+w12.b13,512,252,0.4921875,-0.0078125,-0.015625,0.015625,0.022094389349118684,0.4488824968757274,0.5354925031242727,20260617,4,False
193,w15.b18,w13.b19,512,252,0.4921875,-0.0078125,-0.015625,0.015625,0.022094389349118684,0.4488824968757274,0.5354925031242727,20260617,4,False
194,w15.b28,w13.b00,512,252,0.4921875,-0.0078125,-0.015625,0.015625,0.022094389349118684,0.4488824968757274,0.5354925031242727,20260617,4,False
195,w00.b07+w04.b07,w03.b29,512,253,0.494140625,-0.005859375,-0.01171875,0.01171875,0.02209556957343774,0.450833308636062,0.5374479413639379,20260617,4,False
196,w00.b07+w04.b07,w07.b23,512,259,0.505859375,0.005859375,0.01171875,0.01171875,0.02209556957343774,0.462552058636062,0.5491666913639379,20260617,4,False
197,w01.b00,w00.b00,512,259,0.505859375,0.005859375,0.01171875,0.01171875,0.02209556957343774,0.462552058636062,0.5491666913639379,20260617,4,False
198,w01.b00,w05.b09+w10.b09,512,259,0.505859375,0.005859375,0.01171875,0.01171875,0.02209556957343774,0.462552058636062,0.5491666913639379,20260617,4,False
199,w01.b00,w10.b13,512,253,0.494140625,-0.005859375,-0.01171875,0.01171875,0.02209556957343774,0.450833308636062,0.5374479413639379,20260617,4,False
200,w01.b25,w00.b07+w04.b07,512,253,0.494140625,-0.005859375,-0.01171875,0.01171875,0.02209556957343774,0.450833308636062,0.5374479413639379,20260617,4,False
201,w05.b07,w12.b23,512,253,0.494140625,-0.005859375,-0.01171875,0.01171875,0.02209556957343774,0.450833308636062,0.5374479413639379,20260617,4,False
202,w06.b24,w13.b00,512,259,0.505859375,0.005859375,0.01171875,0.01171875,0.02209556957343774,0.462552058636062,0.5491666913639379,20260617,4,False
203,w08.b09,w12.b23,512,259,0.505859375,0.005859375,0.01171875,0.01171875,0.02209556957343774,0.462552058636062,0.5491666913639379,20260617,4,False
204,w08.b09,w15.b18,512,259,0.505859375,0.005859375,0.01171875,0.01171875,0.02209556957343774,0.462552058636062,0.5491666913639379,20260617,4,False
205,w08.b13+w12.b13,w00.b00,512,259,0.505859375,0.005859375,0.01171875,0.01171875,0.02209556957343774,0.462552058636062,0.5491666913639379,20260617,4,False
206,w09.b28,w07.b23,512,253,0.494140625,-0.005859375,-0.01171875,0.01171875,0.02209556957343774,0.450833308636062,0.5374479413639379,20260617,4,False
207,w09.b28,w12.b23,512,253,0.494140625,-0.005859375,-0.01171875,0.01171875,0.02209556957343774,0.450833308636062,0.5374479413639379,20260617,4,False
208,w09.b28,w13.b19,512,253,0.494140625,-0.005859375,-0.01171875,0.01171875,0.02209556957343774,0.450833308636062,0.5374479413639379,20260617,4,False
209,w15.b28,w00.b07,512,259,0.505859375,0.005859375,0.01171875,0.01171875,0.02209556957343774,0.462552058636062,0.5491666913639379,20260617,4,False
210,w00.b00,w05.b09+w10.b09,512,254,0.49609375,-0.00390625,-0.0078125,0.0078125,0.022096412552213365,0.4527847813976618,0.5394027186023382,20260617,4,False
211,w00.b00+w01.b00,w07.b23,512,254,0.49609375,-0.00390625,-0.0078125,0.0078125,0.022096412552213365,0.4527847813976618,0.5394027186023382,20260617,4,False
212,w00.b00+w01.b00,w13.b19,512,254,0.49609375,-0.00390625,-0.0078125,0.0078125,0.022096412552213365,0.4527847813976618,0.5394027186023382,20260617,4,False
213,w00.b07+w04.b07,w15.b18,512,258,0.50390625,0.00390625,0.0078125,0.0078125,0.022096412552213365,0.4605972813976618,0.5472152186023382,20260617,4,False
214,w01.b25,w00.b00,512,254,0.49609375,-0.00390625,-0.0078125,0.0078125,0.022096412552213365,0.4527847813976618,0.5394027186023382,20260617,4,False
215,w04.b00,w00.b00+w01.b00,512,258,0.50390625,0.00390625,0.0078125,0.0078125,0.022096412552213365,0.4605972813976618,0.5472152186023382,20260617,4,False
216,w05.b00+w10.b00,w00.b00+w01.b00,512,258,0.50390625,0.00390625,0.0078125,0.0078125,0.022096412552213365,0.4605972813976618,0.5472152186023382,20260617,4,False
217,w05.b07,w00.b07,512,254,0.49609375,-0.00390625,-0.0078125,0.0078125,0.022096412552213365,0.4527847813976618,0.5394027186023382,20260617,4,False
218,w06.b24,w12.b04,512,258,0.50390625,0.00390625,0.0078125,0.0078125,0.022096412552213365,0.4605972813976618,0.5472152186023382,20260617,4,False
219,w08.b09,w03.b29,512,254,0.49609375,-0.00390625,-0.0078125,0.0078125,0.022096412552213365,0.4527847813976618,0.5394027186023382,20260617,4,False
220,w08.b13+w12.b13,w00.b00+w01.b00,512,258,0.50390625,0.00390625,0.0078125,0.0078125,0.022096412552213365,0.4605972813976618,0.5472152186023382,20260617,4,False
221,w09.b03,w05.b09,512,258,0.50390625,0.00390625,0.0078125,0.0078125,0.022096412552213365,0.4605972813976618,0.5472152186023382,20260617,4,False
222,w09.b03,w13.b19,512,258,0.50390625,0.00390625,0.0078125,0.0078125,0.022096412552213365,0.4605972813976618,0.5472152186023382,20260617,4,False
223,w09.b03,w15.b18,512,258,0.50390625,0.00390625,0.0078125,0.0078125,0.022096412552213365,0.4605972813976618,0.5472152186023382,20260617,4,False
224,w12.b13,w00.b00+w01.b00,512,258,0.50390625,0.00390625,0.0078125,0.0078125,0.022096412552213365,0.4605972813976618,0.5472152186023382,20260617,4,False
225,w15.b18,w07.b23,512,258,0.50390625,0.00390625,0.0078125,0.0078125,0.022096412552213365,0.4605972813976618,0.5472152186023382,20260617,4,False
226,w15.b28,w01.b00,512,258,0.50390625,0.00390625,0.0078125,0.0078125,0.022096412552213365,0.4605972813976618,0.5472152186023382,20260617,4,False
227,w00.b00+w01.b00,w12.b23,512,257,0.501953125,0.001953125,0.00390625,0.00390625,0.022096918324042453,0.4586431650848768,0.5452630849151232,20260617,4,False
228,w00.b07+w04.b07,w00.b07,512,257,0.501953125,0.001953125,0.00390625,0.00390625,0.022096918324042453,0.4586431650848768,0.5452630849151232,20260617,4,False
229,w00.b07+w04.b07,w01.b00,512,255,0.498046875,-0.001953125,-0.00390625,0.00390625,0.022096918324042453,0.4547369150848768,0.5413568349151232,20260617,4,False
230,w00.b07+w04.b07,w08.b13+w12.b13,512,257,0.501953125,0.001953125,0.00390625,0.00390625,0.022096918324042453,0.4586431650848768,0.5452630849151232,20260617,4,False
231,w00.b07+w04.b07,w12.b04,512,255,0.498046875,-0.001953125,-0.00390625,0.00390625,0.022096918324042453,0.4547369150848768,0.5413568349151232,20260617,4,False
232,w00.b07+w04.b07,w13.b19,512,255,0.498046875,-0.001953125,-0.00390625,0.00390625,0.022096918324042453,0.4547369150848768,0.5413568349151232,20260617,4,False
233,w04.b00,w00.b07,512,255,0.498046875,-0.001953125,-0.00390625,0.00390625,0.022096918324042453,0.4547369150848768,0.5413568349151232,20260617,4,False
234,w05.b07,w08.b13+w12.b13,512,257,0.501953125,0.001953125,0.00390625,0.00390625,0.022096918324042453,0.4586431650848768,0.5452630849151232,20260617,4,False
235,w05.b07,w10.b13,512,255,0.498046875,-0.001953125,-0.00390625,0.00390625,0.022096918324042453,0.4547369150848768,0.5413568349151232,20260617,4,False
236,w06.b24,w12.b23,512,257,0.501953125,0.001953125,0.00390625,0.00390625,0.022096918324042453,0.4586431650848768,0.5452630849151232,20260617,4,False
237,w06.b24,w13.b19,512,257,0.501953125,0.001953125,0.00390625,0.00390625,0.022096918324042453,0.4586431650848768,0.5452630849151232,20260617,4,False
238,w08.b09,w00.b00,512,257,0.501953125,0.001953125,0.00390625,0.00390625,0.022096918324042453,0.4586431650848768,0.5452630849151232,20260617,4,False
239,w08.b13+w12.b13,w13.b19,512,255,0.498046875,-0.001953125,-0.00390625,0.00390625,0.022096918324042453,0.4547369150848768,0.5413568349151232,20260617,4,False
240,w09.b03,w00.b07,512,255,0.498046875,-0.001953125,-0.00390625,0.00390625,0.022096918324042453,0.4547369150848768,0.5413568349151232,20260617,4,False
241,w09.b03,w07.b23,512,257,0.501953125,0.001953125,0.00390625,0.00390625,0.022096918324042453,0.4586431650848768,0.5452630849151232,20260617,4,False
242,w09.b03,w12.b04,512,255,0.498046875,-0.001953125,-0.00390625,0.00390625,0.022096918324042453,0.4547369150848768,0.5413568349151232,20260617,4,False
243,w09.b28,w05.b09,512,255,0.498046875,-0.001953125,-0.00390625,0.00390625,0.022096918324042453,0.4547369150848768,0.5413568349151232,20260617,4,False
244,w12.b13,w15.b18,512,257,0.501953125,0.001953125,0.00390625,0.00390625,0.022096918324042453,0.4586431650848768,0.5452630849151232,20260617,4,False
245,w15.b18,w12.b04,512,257,0.501953125,0.001953125,0.00390625,0.00390625,0.022096918324042453,0.4586431650848768,0.5452630849151232,20260617,4,False
246,w00.b00+w01.b00,w00.b00,512,256,0.5,0.0,0.0,0.0,0.02209708691207961,0.45668970965232397,0.5433102903476761,20260617,4,False
247,w01.b25,w03.b29,512,256,0.5,0.0,0.0,0.0,0.02209708691207961,0.45668970965232397,0.5433102903476761,20260617,4,False
248,w04.b00,w03.b29,512,256,0.5,0.0,0.0,0.0,0.02209708691207961,0.45668970965232397,0.5433102903476761,20260617,4,False
249,w04.b00,w12.b23,512,256,0.5,0.0,0.0,0.0,0.02209708691207961,0.45668970965232397,0.5433102903476761,20260617,4,False
250,w04.b00,w13.b19,512,256,0.5,0.0,0.0,0.0,0.02209708691207961,0.45668970965232397,0.5433102903476761,20260617,4,False
251,w05.b00+w10.b00,w12.b04,512,256,0.5,0.0,0.0,0.0,0.02209708691207961,0.45668970965232397,0.5433102903476761,20260617,4,False
252,w05.b07,w00.b00+w01.b00,512,256,0.5,0.0,0.0,0.0,0.02209708691207961,0.45668970965232397,0.5433102903476761,20260617,4,False
253,w05.b07,w03.b29,512,256,0.5,0.0,0.0,0.0,0.02209708691207961,0.45668970965232397,0.5433102903476761,20260617,4,False
254,w05.b07,w07.b23,512,256,0.5,0.0,0.0,0.0,0.02209708691207961,0.45668970965232397,0.5433102903476761,20260617,4,False
255,w08.b13+w12.b13,w12.b04,512,256,0.5,0.0,0.0,0.0,0.02209708691207961,0.45668970965232397,0.5433102903476761,20260617,4,False
256,w09.b28,w03.b29,512,256,0.5,0.0,0.0,0.0,0.02209708691207961,0.45668970965232397,0.5433102903476761,20260617,4,False
